{"loss": [0.193441703915596, 0.09796778857707977, 0.08060306310653687, 0.06404337286949158, 0.05515662580728531, 0.048152774572372437, 0.04105350002646446, 0.03656444326043129, 0.032756879925727844, 0.027644511312246323, 0.026234745979309082, 0.0262104794383049, 0.02313704788684845, 0.02177942916750908, 0.02054738439619541], "mae": [0.48877382278442383, 0.33738675713539124, 0.305992066860199, 0.2760832607746124, 0.2556053102016449, 0.23881903290748596, 0.22127282619476318, 0.20855505764484406, 0.19707363843917847, 0.1803254783153534, 0.174923837184906, 0.1736178994178772, 0.164423868060112, 0.1594330221414566, 0.1547263115644455], "val_loss": [0.1364809274673462, 0.13122643530368805, 0.12639220058918, 0.13809652626514435, 0.13919232785701752, 0.13945870101451874, 0.15021277964115143, 0.15299782156944275, 0.15928475558757782, 0.15175795555114746, 0.15370841324329376, 0.1596597582101822, 0.16200070083141327, 0.16349147260189056, 0.1605856716632843], "val_mae": [0.4088178873062134, 0.4066848158836365, 0.4000508189201355, 0.41882675886154175, 0.4190698266029358, 0.416805624961853, 0.43333277106285095, 0.43451055884361267, 0.4459596276283264, 0.43351107835769653, 0.4375198185443878, 0.4442557692527771, 0.44909408688545227, 0.45079106092453003, 0.44751954078674316], "learning_rate": [0.0005000000237487257, 0.0005000000237487257, 0.0005000000237487257, 0.0005000000237487257, 0.0005000000237487257, 0.0005000000237487257, 0.0005000000237487257, 0.0005000000237487257, 0.0005000000237487257, 0.0002500000118743628, 0.0002500000118743628, 0.0002500000118743628, 0.0002500000118743628, 0.0002500000118743628, 0.0002500000118743628]}