{
  "transformer": "trans_1",
  "horizon": "t+24h",
  "window": 96,
  "stride": 1,
  "units": 128,
  "dropout": 0.1,
  "loss": "Huber",
  "lr": 0.0005,
  "batch_size": 64,
  "val_loss": 0.12639220058918,
  "MAE_z": 0.5868251323699951,
  "RMSE_z": 0.9322394728660583,
  "R2": 0.11392182111740112,
  "MAE_C": 5.2011213302612305,
  "RMSE_C": 8.262581825256348,
  "seed": 42
}