{"loss": [0.33136919140815735, 0.3084154427051544, 0.29364389181137085, 0.2611139714717865, 0.18667876720428467, 0.15815888345241547, 0.14726705849170685, 0.1352883279323578, 0.125672847032547, 0.11869461834430695, 0.11119133979082108, 0.10369399189949036, 0.09093027561903, 0.08028062433004379, 0.07007313519716263, 0.06625431776046753, 0.062081921845674515, 0.05751334875822067, 0.05447562038898468, 0.052961599081754684, 0.051411908119916916, 0.04762684181332588, 0.046537112444639206, 0.04474899545311928, 0.042655427008867264, 0.042337898164987564, 0.04165565222501755, 0.04097152501344681, 0.04069232568144798, 0.04091351106762886], "mae": [0.6583486199378967, 0.6263831853866577, 0.6091828942298889, 0.5666674375534058, 0.4811456501483917, 0.44212186336517334, 0.42213675379753113, 0.4024201035499573, 0.38591665029525757, 0.3721535801887512, 0.36147376894950867, 0.3470650911331177, 0.3228016197681427, 0.30338603258132935, 0.28516823053359985, 0.2777027189731598, 0.2691987156867981, 0.25806888937950134, 0.25285977125167847, 0.24883319437503815, 0.24464194476604462, 0.23659180104732513, 0.23289118707180023, 0.22870999574661255, 0.2234092354774475, 0.22249452769756317, 0.22145585715770721, 0.21959391236305237, 0.21769441664218903, 0.2194279134273529], "val_loss": [1.2941691875457764, 1.2725294828414917, 1.2372997999191284, 1.3986570835113525, 0.7490429878234863, 0.7021446228027344, 0.5795000791549683, 0.6703487038612366, 0.5788260102272034, 0.5054987072944641, 0.5647678375244141, 0.44223636388778687, 0.4610244333744049, 0.29118332266807556, 0.2949037551879883, 0.28469982743263245, 0.3939213752746582, 0.653445839881897, 0.6186177134513855, 0.692778468132019, 0.8068751096725464, 0.6878711581230164, 0.7596458792686462, 0.9863285422325134, 1.0284620523452759, 1.0689417123794556, 0.9831259250640869, 1.0674309730529785, 0.9634215235710144, 1.1500990390777588], "val_mae": [1.5934162139892578, 1.5759234428405762, 1.5463279485702515, 1.6570148468017578, 1.0972005128860474, 1.020397663116455, 0.8990906476974487, 0.9671719074249268, 0.8613032698631287, 0.7826663255691528, 0.8359279632568359, 0.7248948216438293, 0.7357438802719116, 0.5787972211837769, 0.5844586491584778, 0.5749368667602539, 0.6831590533256531, 0.913203239440918, 0.8875917196273804, 0.9467962384223938, 1.0539281368255615, 0.955841600894928, 1.017643928527832, 1.2018166780471802, 1.2326544523239136, 1.263189435005188, 1.2011313438415527, 1.264432668685913, 1.1850379705429077, 1.3270845413208008], "learning_rate": [0.00019999999494757503, 0.00019999999494757503, 0.00019999999494757503, 0.00019999999494757503, 0.00019999999494757503, 0.00019999999494757503, 0.00019999999494757503, 0.00019999999494757503, 0.00019999999494757503, 0.00019999999494757503, 0.00019999999494757503, 0.00019999999494757503, 0.00019999999494757503, 0.00019999999494757503, 0.00019999999494757503, 0.00019999999494757503, 0.00019999999494757503, 0.00019999999494757503, 0.00019999999494757503, 0.00019999999494757503, 0.00019999999494757503, 0.00019999999494757503, 0.00019999999494757503, 9.999999747378752e-05, 9.999999747378752e-05, 9.999999747378752e-05, 9.999999747378752e-05, 9.999999747378752e-05, 9.999999747378752e-05, 9.999999747378752e-05]}