{
  "transformer": "trans_1",
  "horizon": "t+1h",
  "window": 48,
  "stride": 2,
  "units": 128,
  "dropout": 0.1,
  "loss": "Huber",
  "lr": 0.0005,
  "batch_size": 64,
  "epochs": 120,
  "val_loss": 0.11402025073766708,
  "MAE_z": 0.5383176803588867,
  "RMSE_z": 0.8884668946266174,
  "R2": 0.16834282875061035,
  "MAE_C": 4.7711920738220215,
  "RMSE_C": 7.874618053436279,
  "seed": 42
}