{"loss": [0.2696337401866913, 0.14121317863464355, 0.10819382220506668, 0.09476687014102936, 0.08452631533145905, 0.07815904170274734, 0.07155685871839523, 0.06742706149816513, 0.06243378669023514, 0.05805806443095207, 0.05411466956138611, 0.05157562717795372, 0.04846504330635071, 0.04599117487668991, 0.0440811812877655, 0.046410802751779556, 0.042991314083337784, 0.03844939172267914, 0.03506573289632797, 0.03418917581439018, 0.03325752541422844, 0.032577961683273315, 0.03182085603475571, 0.03089294210076332], "mae": [0.5976659655570984, 0.4088921546936035, 0.3540995717048645, 0.32932692766189575, 0.31090664863586426, 0.2981163263320923, 0.2858906388282776, 0.27819201350212097, 0.2685224413871765, 0.2600101828575134, 0.2515251636505127, 0.24619850516319275, 0.23836351931095123, 0.23250716924667358, 0.2278161495923996, 0.2309892326593399, 0.22270555794239044, 0.21329070627689362, 0.20311293005943298, 0.2006985992193222, 0.1981116235256195, 0.1955283135175705, 0.19360260665416718, 0.19056396186351776], "val_loss": [0.20199137926101685, 0.15101681649684906, 0.13956011831760406, 0.13570010662078857, 0.13107357919216156, 0.12219519168138504, 0.12630735337734222, 0.12503080070018768, 0.11738725751638412, 0.11800849437713623, 0.11904077976942062, 0.11402025073766708, 0.12418968975543976, 0.1208350732922554, 0.12143368273973465, 0.11476416140794754, 0.12360289692878723, 0.11669811606407166, 0.11909613013267517, 0.11846170574426651, 0.12066033482551575, 0.11866861581802368, 0.11546067148447037, 0.12130285799503326], "val_mae": [0.5094189047813416, 0.43470266461372375, 0.40775755047798157, 0.3977864682674408, 0.39129018783569336, 0.3797711431980133, 0.38394588232040405, 0.3823818564414978, 0.37433958053588867, 0.37285229563713074, 0.37486138939857483, 0.3677246570587158, 0.37766292691230774, 0.37606173753738403, 0.3753473460674286, 0.3681013882160187, 0.37722960114479065, 0.3741527497768402, 0.37099599838256836, 0.3716098964214325, 0.3748079836368561, 0.37057778239250183, 0.36830228567123413, 0.37698081135749817], "learning_rate": [0.0005000000237487257, 0.0005000000237487257, 0.0005000000237487257, 0.0005000000237487257, 0.0005000000237487257, 0.0005000000237487257, 0.0005000000237487257, 0.0005000000237487257, 0.0005000000237487257, 0.0005000000237487257, 0.0005000000237487257, 0.0005000000237487257, 0.0005000000237487257, 0.0005000000237487257, 0.0005000000237487257, 0.0005000000237487257, 0.0005000000237487257, 0.0005000000237487257, 0.0002500000118743628, 0.0002500000118743628, 0.0002500000118743628, 0.0002500000118743628, 0.0002500000118743628, 0.0002500000118743628]}