{"loss": [0.26909929513931274, 0.15479794144630432, 0.1246161013841629, 0.08915635943412781, 0.0779644027352333, 0.06997577846050262, 0.0630984753370285, 0.05664787068963051, 0.052883729338645935, 0.046595100313425064, 0.04640910401940346, 0.04067489132285118, 0.039389677345752716, 0.03811575099825859, 0.037129633128643036, 0.03613542765378952, 0.03466960787773132], "mae": [0.6035518050193787, 0.4398519992828369, 0.3853180408477783, 0.3174676299095154, 0.29760316014289856, 0.28291794657707214, 0.26729047298431396, 0.2523242235183716, 0.2436516433954239, 0.22713641822338104, 0.2269742488861084, 0.21181702613830566, 0.20988036692142487, 0.20595598220825195, 0.20323726534843445, 0.20102307200431824, 0.19683940708637238], "val_loss": [1.014665126800537, 0.36578837037086487, 0.280729204416275, 0.24461062252521515, 0.10807947814464569, 0.15127505362033844, 0.28616097569465637, 0.34299543499946594, 0.3125240206718445, 0.35100215673446655, 0.3182316720485687, 0.28500014543533325, 0.25975680351257324, 0.251191645860672, 0.2875315546989441, 0.2472912222146988, 0.21413496136665344], "val_mae": [1.4954700469970703, 0.7076301574707031, 0.6038011312484741, 0.496174693107605, 0.3054748475551605, 0.3705684542655945, 0.5786633491516113, 0.6726155877113342, 0.621912956237793, 0.7073522210121155, 0.6372724175453186, 0.6102350354194641, 0.5731815695762634, 0.5656363368034363, 0.6110327243804932, 0.5557206869125366, 0.5144471526145935], "learning_rate": [0.00019999999494757503, 0.00019999999494757503, 0.00019999999494757503, 0.00019999999494757503, 0.00019999999494757503, 0.00019999999494757503, 0.00019999999494757503, 0.00019999999494757503, 0.00019999999494757503, 0.00019999999494757503, 0.00019999999494757503, 9.999999747378752e-05, 9.999999747378752e-05, 9.999999747378752e-05, 9.999999747378752e-05, 9.999999747378752e-05, 9.999999747378752e-05]}