{
  "transformer": "trans_1",
  "horizon": "t+1w",
  "window": 288,
  "stride": 2,
  "units": 128,
  "dropout": 0.2,
  "loss": "Huber",
  "lr": 0.0002,
  "batch_size": 64,
  "epochs": 50,
  "val_loss": 0.10807947814464569,
  "MAE_z": 0.278554230928421,
  "RMSE_z": 0.3853563964366913,
  "R2": 0.8560304641723633,
  "MAE_C": 2.4688687324523926,
  "RMSE_C": 3.415472984313965,
  "seed": 42,
  "eval_split": "train"
}