{
  "transformer": "trans_1",
  "horizon": "t+1w",
  "window": 288,
  "stride": 2,
  "channels": 128,
  "kernel": 3,
  "dropout": 0.15,
  "loss": "Huber",
  "lr": 0.0002,
  "batch_size": 128,
  "epochs": 40,
  "eval_split": "val",
  "val_loss": 0.07421766966581345,
  "MAE_z": 0.30423691868782043,
  "RMSE_z": 0.3680134415626526,
  "R2": -1.2297141551971436,
  "MAE_C": 2.6964986324310303,
  "RMSE_C": 3.2617595195770264,
  "seed": 42
}