{"loss": [0.22902601957321167, 0.06504291296005249, 0.05386335402727127, 0.04798109829425812, 0.04569140449166298, 0.04230031371116638, 0.04035166651010513, 0.03821974992752075, 0.03748980164527893, 0.035885248333215714, 0.03515272215008736, 0.034310244023799896, 0.033228255808353424, 0.03184483200311661, 0.03160211071372032, 0.02912133000791073, 0.02839370258152485, 0.028390558436512947, 0.027924170717597008, 0.027417965233325958], "mae": [0.4731164872646332, 0.26563283801078796, 0.23982621729373932, 0.2242422252893448, 0.21936039626598358, 0.20840175449848175, 0.20345306396484375, 0.1970127820968628, 0.19398945569992065, 0.1883244663476944, 0.18645934760570526, 0.18278595805168152, 0.17993371188640594, 0.17476367950439453, 0.17433585226535797, 0.16479146480560303, 0.162247896194458, 0.16231423616409302, 0.15977397561073303, 0.1579521745443344], "val_loss": [0.428143709897995, 0.9894894361495972, 1.3028515577316284, 0.9518048763275146, 0.5209034085273743, 0.22400236129760742, 0.10246828198432922, 0.07469809055328369, 0.07611583918333054, 0.07421766966581345, 0.07582445442676544, 0.08348000049591064, 0.09168863296508789, 0.10984908789396286, 0.11104004085063934, 0.11180388927459717, 0.12181013822555542, 0.12653236091136932, 0.13721689581871033, 0.13498137891292572], "val_mae": [0.8868110179901123, 1.3700743913650513, 1.5892871618270874, 1.31130850315094, 0.9266577959060669, 0.5578059554100037, 0.34607255458831787, 0.3044385313987732, 0.30769312381744385, 0.30423691868782043, 0.30845293402671814, 0.32515060901641846, 0.3328123390674591, 0.35586872696876526, 0.35727378726005554, 0.354827880859375, 0.3709624707698822, 0.3800489902496338, 0.4008139967918396, 0.39723140001296997], "learning_rate": [0.00019999999494757503, 0.00019999999494757503, 0.00019999999494757503, 0.00019999999494757503, 0.00019999999494757503, 0.00019999999494757503, 0.00019999999494757503, 0.00019999999494757503, 0.00019999999494757503, 0.00019999999494757503, 0.00019999999494757503, 0.00019999999494757503, 0.00019999999494757503, 0.00019999999494757503, 0.00019999999494757503, 9.999999747378752e-05, 9.999999747378752e-05, 9.999999747378752e-05, 9.999999747378752e-05, 9.999999747378752e-05]}