{"loss": [0.12629860639572144, 0.07491033524274826, 0.05863157659769058, 0.04776960238814354, 0.04228179529309273, 0.037535522133111954, 0.03467164188623428, 0.031718719750642776, 0.029809705913066864, 0.028929609805345535, 0.027657274156808853, 0.026802144944667816, 0.026189757511019707, 0.02529016137123108, 0.024744855239987373, 0.023742740973830223, 0.023906024172902107, 0.023147400468587875, 0.022648140788078308, 0.022197887301445007, 0.022230612114071846, 0.021598273888230324, 0.021661575883626938, 0.021071486175060272, 0.02062860317528248, 0.020637664943933487, 0.020252982154488564, 0.019815636798739433, 0.019701391458511353, 0.019734105095267296, 0.017891744151711464, 0.017345087602734566, 0.01713755913078785, 0.017030009999871254, 0.016831867396831512, 0.01675444282591343], "mae": [0.37967023253440857, 0.29281720519065857, 0.2576620578765869, 0.23024046421051025, 0.21568703651428223, 0.20224876701831818, 0.19343233108520508, 0.1835538148880005, 0.17717179656028748, 0.17400909960269928, 0.1689409762620926, 0.1665012240409851, 0.16408656537532806, 0.16038478910923004, 0.15822742879390717, 0.15388256311416626, 0.15478858351707458, 0.1511903554201126, 0.14935025572776794, 0.1479567289352417, 0.14784955978393555, 0.14528894424438477, 0.145605206489563, 0.14242717623710632, 0.14107508957386017, 0.14157699048519135, 0.13941362500190735, 0.1380600482225418, 0.13738328218460083, 0.1374984234571457, 0.12943704426288605, 0.12681914865970612, 0.1261615753173828, 0.12596742808818817, 0.12534034252166748, 0.1249270886182785], "val_loss": [0.21562615036964417, 0.1837346851825714, 0.16994105279445648, 0.1702418178319931, 0.1740216463804245, 0.16136711835861206, 0.1539010852575302, 0.14569729566574097, 0.16293327510356903, 0.15311333537101746, 0.14933469891548157, 0.15401342511177063, 0.14537295699119568, 0.15374353528022766, 0.1483309417963028, 0.135175883769989, 0.13605032861232758, 0.1455683708190918, 0.13300973176956177, 0.13247179985046387, 0.12899793684482574, 0.12961049377918243, 0.12720496952533722, 0.11821547895669937, 0.12843480706214905, 0.13232146203517914, 0.13363146781921387, 0.12972266972064972, 0.13078969717025757, 0.1315889060497284, 0.12941254675388336, 0.13201607763767242, 0.1357106864452362, 0.1358422189950943, 0.12973257899284363, 0.12970881164073944], "val_mae": [0.5559112429618835, 0.49058884382247925, 0.4735262989997864, 0.4722537100315094, 0.48368093371391296, 0.46434715390205383, 0.45096269249916077, 0.4414755403995514, 0.46768972277641296, 0.45488831400871277, 0.44997861981391907, 0.4582388401031494, 0.44142523407936096, 0.45598146319389343, 0.44987496733665466, 0.4269023835659027, 0.4309181272983551, 0.4500488340854645, 0.4214044213294983, 0.42614471912384033, 0.4179869294166565, 0.417359322309494, 0.414466917514801, 0.3980894684791565, 0.41733482480049133, 0.42133665084838867, 0.4276992082595825, 0.4163885712623596, 0.42035654187202454, 0.41752326488494873, 0.4185067117214203, 0.4222516715526581, 0.42940330505371094, 0.4311896562576294, 0.4201623499393463, 0.4177483916282654], "learning_rate": [0.0005000000237487257, 0.0005000000237487257, 0.0005000000237487257, 0.0005000000237487257, 0.0005000000237487257, 0.0005000000237487257, 0.0005000000237487257, 0.0005000000237487257, 0.0005000000237487257, 0.0005000000237487257, 0.0005000000237487257, 0.0005000000237487257, 0.0005000000237487257, 0.0005000000237487257, 0.0005000000237487257, 0.0005000000237487257, 0.0005000000237487257, 0.0005000000237487257, 0.0005000000237487257, 0.0005000000237487257, 0.0005000000237487257, 0.0005000000237487257, 0.0005000000237487257, 0.0005000000237487257, 0.0005000000237487257, 0.0005000000237487257, 0.0005000000237487257, 0.0005000000237487257, 0.0005000000237487257, 0.0005000000237487257, 0.0002500000118743628, 0.0002500000118743628, 0.0002500000118743628, 0.0002500000118743628, 0.0002500000118743628, 0.0002500000118743628]}