{
  "transformer": "trans_1",
  "horizon": "t+24h",
  "window": 96,
  "stride": 2,
  "channels": 128,
  "kernel": 5,
  "dropout": 0.1,
  "loss": "Huber",
  "lr": 0.0005,
  "batch_size": 64,
  "val_loss": 0.11821547895669937,
  "MAE_z": 0.5256693959236145,
  "RMSE_z": 0.7497451305389404,
  "R2": 0.427626371383667,
  "MAE_C": 4.659088611602783,
  "RMSE_C": 6.645106315612793,
  "MAE_C_cal": 4.879631996154785,
  "RMSE_C_cal": 6.866343975067139,
  "seed": 42
}