{
  "transformer": "trans_1",
  "horizon": "t+1h",
  "window": 48,
  "stride": 2,
  "units": 128,
  "dropout": 0.3,
  "loss": "Huber",
  "lr": 0.0005,
  "batch_size": 32,
  "epochs": 100,
  "val_loss": 0.12235656380653381,
  "MAE_z": 0.5067628026008606,
  "RMSE_z": 0.8701697587966919,
  "R2": 0.2022445797920227,
  "MAE_C": 4.491517066955566,
  "RMSE_C": 7.7124481201171875,
  "seed": 42
}