{"loss": [0.20468895137310028, 0.12589547038078308, 0.10141188651323318, 0.10225314646959305, 0.08278610557317734, 0.07608336210250854, 0.0939338356256485, 0.06624656170606613, 0.05610204115509987, 0.05911919102072716, 0.0603349544107914, 0.04945351183414459, 0.04690071567893028, 0.04417770355939865, 0.03535107895731926, 0.03493857383728027, 0.0327165313065052, 0.03079383820295334], "mae": [0.49991026520729065, 0.3787316679954529, 0.33757323026657104, 0.3323546051979065, 0.30191099643707275, 0.2884451448917389, 0.3109103739261627, 0.2712356746196747, 0.25240620970726013, 0.2547733187675476, 0.2568075954914093, 0.23644399642944336, 0.2309616357088089, 0.22549119591712952, 0.20410197973251343, 0.20194825530052185, 0.1969585120677948, 0.19138655066490173], "val_loss": [0.15618997812271118, 0.14997906982898712, 0.14871501922607422, 0.14191140234470367, 0.14114029705524445, 0.1327802836894989, 0.14420612156391144, 0.14155688881874084, 0.13501092791557312, 0.12235656380653381, 0.1418326050043106, 0.12351928651332855, 0.1327023059129715, 0.13924545049667358, 0.1301855593919754, 0.13197791576385498, 0.13256168365478516, 0.12873095273971558], "val_mae": [0.44000840187072754, 0.4366474151611328, 0.4263654053211212, 0.416721373796463, 0.412224680185318, 0.38952043652534485, 0.41313374042510986, 0.4124578833580017, 0.3994966149330139, 0.3803156316280365, 0.410094290971756, 0.37921446561813354, 0.3895353078842163, 0.4004794955253601, 0.38710251450538635, 0.38877612352371216, 0.3854386806488037, 0.38026416301727295], "learning_rate": [0.0005000000237487257, 0.0005000000237487257, 0.0005000000237487257, 0.0005000000237487257, 0.0005000000237487257, 0.0005000000237487257, 0.0005000000237487257, 0.0005000000237487257, 0.0005000000237487257, 0.0005000000237487257, 0.0005000000237487257, 0.0005000000237487257, 0.0005000000237487257, 0.0005000000237487257, 0.0002500000118743628, 0.0002500000118743628, 0.0002500000118743628, 0.0002500000118743628]}