{"loss": [0.12769249081611633, 0.08106229454278946, 0.06717237085103989, 0.05976833775639534, 0.05429377406835556, 0.048544783145189285, 0.04677338898181915, 0.04491129890084267, 0.04364512860774994, 0.04224433749914169, 0.040772050619125366, 0.03973483666777611, 0.039071839302778244, 0.03764276206493378, 0.037058014422655106, 0.03624962642788887, 0.03555486351251602, 0.034799862653017044, 0.034034788608551025, 0.03371351957321167, 0.033139605075120926, 0.03235682100057602, 0.03186400234699249, 0.03160599246621132, 0.030867749825119972, 0.03069186396896839, 0.030185384675860405, 0.029899844899773598, 0.029660379514098167, 0.02908943220973015, 0.029056549072265625, 0.02828480489552021, 0.028312228620052338, 0.028000378981232643, 0.028004562482237816, 0.026598507538437843, 0.026562143117189407, 0.026319194585084915, 0.02624550834298134], "mae": [0.3855409622192383, 0.3091685175895691, 0.2829582393169403, 0.2662571370601654, 0.2542312443256378, 0.23953615128993988, 0.23530736565589905, 0.23006734251976013, 0.22691389918327332, 0.2229820340871811, 0.21887001395225525, 0.21577325463294983, 0.21356648206710815, 0.20977677404880524, 0.2080388069152832, 0.20544947683811188, 0.20335522294044495, 0.20085343718528748, 0.1986682265996933, 0.19790834188461304, 0.1954919397830963, 0.19320543110370636, 0.19135747849941254, 0.19097231328487396, 0.18876825273036957, 0.18746785819530487, 0.18599438667297363, 0.18491718173027039, 0.18424786627292633, 0.1824408322572708, 0.18224872648715973, 0.17997276782989502, 0.17974422872066498, 0.17897352576255798, 0.17856767773628235, 0.17409488558769226, 0.1738518327474594, 0.17309753596782684, 0.1723676472902298], "val_loss": [0.14735694229602814, 0.16269558668136597, 0.15097318589687347, 0.15420907735824585, 0.14924894273281097, 0.1406533420085907, 0.13881191611289978, 0.14026857912540436, 0.1349674016237259, 0.13726353645324707, 0.1352706104516983, 0.1348356455564499, 0.1306658834218979, 0.1269865781068802, 0.12512581050395966, 0.12245534360408783, 0.12837499380111694, 0.12558218836784363, 0.11976830661296844, 0.12271171808242798, 0.12372156232595444, 0.12323550879955292, 0.11838416755199432, 0.11885612457990646, 0.12011019140481949, 0.11730831861495972, 0.11644066125154495, 0.12459494173526764, 0.11958347260951996, 0.11962175369262695, 0.11211201548576355, 0.12195318192243576, 0.118342325091362, 0.12159159779548645, 0.12142053246498108, 0.11635688692331314, 0.11510743945837021, 0.1174350157380104, 0.11639855802059174], "val_mae": [0.4277432858943939, 0.450739324092865, 0.43226778507232666, 0.4385625720024109, 0.43545961380004883, 0.4204655587673187, 0.417076051235199, 0.419307678937912, 0.4116722047328949, 0.41406747698783875, 0.4078763425350189, 0.40777650475502014, 0.4026589095592499, 0.39683935046195984, 0.3893711566925049, 0.3836175799369812, 0.394665002822876, 0.38897907733917236, 0.37646597623825073, 0.38026487827301025, 0.38226422667503357, 0.3788725435733795, 0.3729383945465088, 0.37385717034339905, 0.37440600991249084, 0.36809948086738586, 0.3671219050884247, 0.3798620402812958, 0.37218090891838074, 0.3709231913089752, 0.3566274642944336, 0.3761776089668274, 0.3674660921096802, 0.37588000297546387, 0.37284982204437256, 0.36368846893310547, 0.3635838031768799, 0.366891473531723, 0.3651409149169922], "learning_rate": [0.00019999999494757503, 0.00019999999494757503, 0.00019999999494757503, 0.00019999999494757503, 0.00019999999494757503, 9.999999747378752e-05, 9.999999747378752e-05, 9.999999747378752e-05, 9.999999747378752e-05, 9.999999747378752e-05, 9.999999747378752e-05, 9.999999747378752e-05, 9.999999747378752e-05, 9.999999747378752e-05, 9.999999747378752e-05, 9.999999747378752e-05, 9.999999747378752e-05, 9.999999747378752e-05, 9.999999747378752e-05, 9.999999747378752e-05, 9.999999747378752e-05, 9.999999747378752e-05, 9.999999747378752e-05, 9.999999747378752e-05, 9.999999747378752e-05, 9.999999747378752e-05, 9.999999747378752e-05, 9.999999747378752e-05, 9.999999747378752e-05, 9.999999747378752e-05, 9.999999747378752e-05, 9.999999747378752e-05, 9.999999747378752e-05, 9.999999747378752e-05, 9.999999747378752e-05, 4.999999873689376e-05, 4.999999873689376e-05, 4.999999873689376e-05, 4.999999873689376e-05]}