{
  "transformer": "trans_1",
  "horizon": "t+24h",
  "window": 72,
  "stride": 4,
  "units": 128,
  "dropout": 0.3,
  "batch_size": 32,
  "learning_rate": 0.0005,
  "val_loss": 0.2426685094833374,
  "MAE_z": 0.5148624777793884,
  "RMSE_z": 0.789247453212738,
  "R2": 0.3613678216934204,
  "MAE_C": 4.563304901123047,
  "RMSE_C": 6.995221138000488,
  "seed": 42
}