{"loss": [0.5638340711593628, 0.34579992294311523, 0.2985439896583557, 0.2816314101219177, 0.23058302700519562, 0.2063053548336029, 0.17209173738956451, 0.15531475841999054, 0.1506192833185196, 0.15276071429252625, 0.13908171653747559, 0.13252799212932587, 0.1321062445640564, 0.13180112838745117, 0.12501205503940582, 0.12242193520069122, 0.11546636372804642, 0.10699146240949631, 0.10532741248607635, 0.10167912393808365, 0.09973151981830597], "mae": [0.5749414563179016, 0.4466085731983185, 0.4074448347091675, 0.3890169858932495, 0.35797736048698425, 0.33935973048210144, 0.31357982754707336, 0.3016297221183777, 0.29690971970558167, 0.2958572804927826, 0.2865849733352661, 0.28007960319519043, 0.27840256690979004, 0.2786779999732971, 0.272287517786026, 0.269512802362442, 0.2616380751132965, 0.25179535150527954, 0.24939309060573578, 0.24553465843200684, 0.2445255070924759], "val_loss": [0.34345245361328125, 0.29474911093711853, 0.32074663043022156, 0.32473134994506836, 0.31869837641716003, 0.3153916299343109, 0.2785445749759674, 0.2875854969024658, 0.29895371198654175, 0.29311367869377136, 0.27157479524612427, 0.2564913332462311, 0.2426685094833374, 0.2901248335838318, 0.2733359932899475, 0.25851738452911377, 0.25996190309524536, 0.2703413665294647, 0.2869755029678345, 0.2739267349243164, 0.2879776060581207], "val_mae": [0.47080856561660767, 0.4289669990539551, 0.44046756625175476, 0.45091304183006287, 0.44765716791152954, 0.4451233744621277, 0.41064581274986267, 0.41633370518684387, 0.4239790141582489, 0.4115656614303589, 0.40092799067497253, 0.39079511165618896, 0.39152297377586365, 0.40373334288597107, 0.40503862500190735, 0.3924979865550995, 0.39328354597091675, 0.39477625489234924, 0.4071514904499054, 0.3963145911693573, 0.4059508442878723], "learning_rate": [0.0005000000237487257, 0.0005000000237487257, 0.0005000000237487257, 0.0005000000237487257, 0.0005000000237487257, 0.0005000000237487257, 0.0002500000118743628, 0.0002500000118743628, 0.0002500000118743628, 0.0002500000118743628, 0.0002500000118743628, 0.0002500000118743628, 0.0002500000118743628, 0.0002500000118743628, 0.0002500000118743628, 0.0002500000118743628, 0.0002500000118743628, 0.0001250000059371814, 0.0001250000059371814, 0.0001250000059371814, 0.0001250000059371814]}